Date,Close/Last,Volume,Open,High,Low
1824,$255.27,40858770,$254.77,$255.65,$253.45
1821,$254.49,147495300,$248.04,$255.00,$245.69
1820,$249.79,60882260,$247.50,$252.00,$247.0949
1819,$248.05,56774100,$252.16,$254.28,$247.74
1818,$253.48,51356360,$250.08,$253.83,$249.78
1817,$251.04,51694750,$247.99,$251.38,$247.65
1814,$248.13,33155290,$247.815,$249.2902,$246.24
1813,$247.96,32777530,$246.89,$248.74,$245.68
1812,$246.49,45205810,$247.96,$250.80,$246.2601
1811,$247.77,36914810,$246.89,$248.21,$245.34
1810,$246.75,44649230,$241.83,$247.24,$241.75
1807,$242.84,36870620,$242.905,$244.63,$242.08
1806,$243.04,40033880,$243.99,$244.54,$242.13
1805,$243.01,44383940,$242.87,$244.11,$241.25
1804,$242.65,38861020,$239.81,$242.76,$238.90
1803,$239.59,48137100,$237.27,$240.79,$237.16
1800,$237.33,28481380,$234.805,$237.81,$233.97
1798,$234.93,33498440,$234.465,$235.69,$233.8101
1797,$235.06,45986190,$233.33,$235.57,$233.33
1796,$232.87,90152830,$231.46,$233.245,$229.74
1793,$229.87,38168250,$228.06,$230.7199,$228.06
1792,$228.52,42108330,$228.88,$230.155,$225.7103
1791,$229.00,35169570,$228.06,$229.93,$225.89
1790,$228.28,36211770,$226.98,$230.16,$226.66
1789,$228.02,44686020,$225.25,$229.74,$225.17
1786,$225.00,47923700,$226.40,$226.92,$224.27
1785,$228.22,44923940,$225.02,$228.87,$225.00
1784,$225.12,48566220,$224.01,$226.65,$222.76
1783,$224.23,40398300,$224.55,$225.59,$223.355
1782,$224.23,42005600,$225.00,$225.70,$221.50
1779,$226.96,38328820,$227.17,$228.66,$226.405
1778,$227.48,42137690,$224.625,$227.875,$224.57
1777,$222.72,54561120,$222.61,$226.065,$221.19
1776,$223.45,28111340,$221.795,$223.95,$221.14
1775,$222.01,44944470,$220.99,$222.79,$219.71
1772,$222.91,65276740,$220.965,$225.35,$220.27
1771,$225.91,64370090,$229.34,$229.83,$225.37
1770,$230.10,47070910,$232.61,$233.47,$229.55
1769,$233.67,35417250,$233.10,$234.325,$232.32
1768,$233.40,36087130,$233.32,$234.73,$232.55
1765,$231.41,38802300,$229.74,$233.22,$229.57
1764,$230.57,31109500,$229.98,$230.82,$228.41
1763,$230.76,52286980,$234.08,$235.144,$227.76
1762,$235.86,38846580,$233.885,$236.22,$232.60
1761,$236.48,36254470,$234.45,$236.85,$234.45
1758,$235.00,46431470,$236.18,$236.18,$234.01
1757,$232.15,32993810,$233.43,$233.85,$230.52
1756,$231.78,34082240,$231.60,$232.12,$229.84
1755,$233.85,64751370,$233.61,$237.49,$232.37
1754,$231.30,39882090,$228.70,$231.73,$228.60
1751,$227.55,31759190,$229.30,$229.41,$227.34
1750,$229.04,28183540,$227.78,$229.50,$227.17
1749,$229.54,33591090,$225.23,$229.75,$224.83
1748,$225.77,31855690,$224.30,$225.98,$223.25
1747,$221.69,39505350,$224.50,$225.69,$221.33
1744,$226.80,37345100,$227.90,$228.00,$224.13
1743,$225.67,34044160,$225.14,$226.805,$223.32
1742,$226.78,32880610,$225.89,$227.37,$223.02
1741,$226.21,63285050,$229.52,$229.65,$223.74
1740,$233.00,54793390,$230.04,$233.00,$229.65
1737,$227.79,34025970,$228.46,$229.52,$227.30
1736,$227.52,36636710,$227.30,$228.50,$225.41
1735,$226.37,42308720,$224.93,$227.29,$224.02
1734,$227.37,43556070,$228.645,$229.35,$225.73
1733,$226.47,54146020,$227.34,$229.45,$225.81
1730,$228.20,318679900,$229.97,$233.09,$227.62
1729,$228.87,66781320,$224.99,$229.82,$224.63
1728,$220.69,59894930,$217.55,$222.71,$217.54
1727,$216.79,45519340,$215.75,$216.90,$214.50
1726,$216.32,59357430,$216.54,$217.22,$213.92
1723,$222.50,36766620,$223.58,$224.04,$221.91
1722,$222.77,37498230,$222.50,$223.55,$219.82
1721,$222.66,44587070,$221.455,$223.09,$217.89
1720,$220.11,51591030,$218.92,$221.48,$216.73
1719,$220.91,67179970,$220.82,$221.27,$216.71
1716,$220.82,48423010,$223.95,$225.24,$219.77
1715,$222.38,36615400,$221.625,$225.48,$221.52
1714,$220.85,43840200,$221.66,$221.78,$217.48
1713,$222.77,50190570,$228.55,$229.00,$221.17
1709,$229.00,52990770,$230.19,$230.40,$227.48
1708,$229.79,51906300,$230.10,$232.92,$228.88
1707,$226.49,38052170,$227.92,$229.86,$225.68
1706,$228.03,35934560,$225.995,$228.85,$224.89
1705,$227.18,30602210,$226.76,$227.28,$223.8905
1702,$226.84,38677250,$225.659,$228.22,$224.33
1701,$224.53,43695320,$227.79,$228.34,$223.90
1700,$226.40,34765480,$226.52,$227.98,$225.05
1699,$226.51,30299030,$225.77,$227.17,$225.45
1698,$225.89,40687810,$225.72,$225.99,$223.04
1695,$226.05,44340240,$223.92,$226.8271,$223.6501
1694,$224.72,46414010,$224.60,$225.35,$222.76
1693,$221.72,41960570,$220.57,$223.03,$219.70
1692,$221.27,44155330,$219.01,$221.89,$219.01
1691,$217.53,38028090,$216.07,$219.5099,$215.60
1688,$216.24,42201650,$212.10,$216.78,$211.97
1687,$213.31,47161150,$213.11,$214.20,$208.83
1686,$209.82,63516420,$206.90,$213.64,$206.39
1685,$207.23,69660490,$205.30,$209.99,$201.07
1684,$209.27,119548600,$199.09,$213.50,$196.00
1681,$219.86,105568600,$219.15,$225.60,$217.71
1680,$218.36,62501000,$224.37,$224.48,$217.02
1679,$222.08,50036260,$221.44,$223.82,$220.63
1678,$218.80,41643840,$219.19,$220.325,$216.12
1677,$218.24,36311780,$216.96,$219.30,$215.75
1674,$217.96,41601350,$218.70,$219.49,$216.01
1673,$217.49,51391200,$218.93,$220.85,$214.62
1672,$218.54,61777580,$224.00,$224.80,$217.13
1671,$225.01,39960260,$224.365,$226.94,$222.68
1670,$223.96,48201840,$227.01,$227.78,$223.09
1667,$224.31,49151450,$224.82,$226.80,$223.275
1666,$224.18,66034590,$230.28,$230.44,$222.27
1665,$228.88,57345880,$229.45,$231.4599,$226.64
1664,$234.82,43234280,$235.00,$236.27,$232.33
1663,$234.40,62631250,$236.48,$237.23,$233.09
1660,$230.54,53046530,$228.92,$232.64,$228.68
1659,$227.57,64710620,$231.39,$232.39,$225.77
1658,$232.98,62627690,$229.30,$233.08,$229.25
1657,$228.68,48169820,$227.93,$229.40,$226.3721
1656,$227.82,59085860,$227.09,$227.85,$223.25
1653,$226.34,60412410,$221.65,$226.45,$221.65
1651,$221.55,37369800,$220.00,$221.55,$219.03
1650,$220.27,58046180,$216.15,$220.38,$215.10
1649,$216.75,60402930,$212.09,$217.51,$211.92
1646,$210.62,82542720,$215.77,$216.07,$210.30
1645,$214.10,49772710,$214.69,$215.7395,$212.35
1644,$213.25,66213190,$211.50,$214.86,$210.64
1643,$209.07,56713870,$209.15,$211.38,$208.61
1642,$208.14,80727010,$207.72,$212.70,$206.59
1639,$207.49,246421400,$210.39,$211.89,$207.11
1638,$209.68,86172450,$213.93,$214.24,$208.85
1636,$214.29,79943250,$217.59,$218.63,$213.00
1635,$216.67,93728300,$213.37,$218.95,$212.72
1632,$212.49,70122750,$213.85,$215.17,$211.30
1631,$214.24,97862730,$214.74,$216.75,$211.60
1630,$213.07,198134300,$207.37,$220.20,$206.90
1629,$207.15,172373300,$193.65,$207.16,$193.63
1628,$193.12,97262080,$196.90,$197.30,$192.15
1625,$196.89,53103910,$194.65,$196.94,$194.14
1624,$194.48,41181750,$195.685,$196.50,$194.17
1623,$195.87,54156790,$195.40,$196.90,$194.87
1622,$194.35,47471450,$194.635,$195.32,$193.0342
1621,$194.03,50080540,$192.90,$194.99,$192.52
1618,$192.25,75158280,$191.44,$192.57,$189.91
1617,$191.29,49947940,$190.76,$192.18,$190.63
1616,$190.29,53068020,$189.61,$192.247,$189.51
1615,$189.99,52280050,$191.51,$193.00,$189.10
1611,$189.98,36326980,$188.82,$190.58,$188.0404
1610,$186.88,51005920,$190.98,$191.00,$186.625
1609,$190.90,34648550,$192.265,$192.8231,$190.27
1608,$192.35,42309400,$191.09,$192.73,$190.9201
1607,$191.04,44361280,$189.325,$191.9199,$189.01
1604,$189.87,41282930,$189.51,$190.81,$189.18
1603,$189.84,52845230,$190.47,$191.095,$189.6601
1602,$189.72,70399990,$187.91,$190.65,$187.37
1601,$187.43,52393620,$187.51,$188.30,$186.29
1600,$186.28,72044810,$185.435,$187.10,$184.62
1597,$183.05,50759500,$184.90,$185.09,$182.13
1596,$184.57,48982970,$182.56,$184.66,$182.11
1595,$182.74,45057090,$182.85,$183.07,$181.45
1594,$182.40,77305770,$183.45,$184.90,$181.32
1593,$181.71,78569670,$182.354,$184.20,$180.42
1590,$183.38,163224100,$186.645,$187.00,$182.66
1589,$173.03,94214920,$172.51,$173.415,$170.89
1588,$169.30,50383150,$169.58,$172.705,$169.11
1587,$170.33,65934780,$173.33,$174.99,$170.00
1586,$173.50,68169420,$173.37,$176.03,$173.10
1583,$169.30,44838350,$169.88,$171.34,$169.18
1582,$169.89,50558330,$169.525,$170.61,$168.1511
1581,$169.02,48251840,$166.54,$169.30,$166.21
1580,$166.90,49537760,$165.35,$167.05,$164.92
1579,$165.84,48116440,$165.515,$167.26,$164.77
1576,$165.00,68149380,$166.21,$166.40,$164.075
1575,$167.04,43122900,$168.03,$168.64,$166.55
1574,$168.00,50901210,$169.61,$170.65,$168.00
1573,$169.38,73711240,$171.75,$173.76,$168.27
1572,$172.69,73531770,$175.36,$176.63,$172.50
1569,$176.55,101670900,$174.26,$178.36,$174.21
1568,$175.04,91070280,$168.34,$175.46,$168.16
1567,$167.78,49709340,$168.80,$169.09,$167.11
1566,$169.67,42451210,$168.70,$170.08,$168.35
1565,$168.45,37425510,$169.03,$169.20,$168.24
1562,$169.58,42104830,$169.59,$170.39,$168.95
1561,$168.82,53704390,$170.29,$171.92,$168.82
1560,$169.65,47691720,$168.79,$170.68,$168.58
1559,$168.84,49329480,$169.08,$169.34,$168.2302
1558,$170.03,46240500,$171.19,$171.25,$169.475
1554,$171.48,65672690,$171.75,$172.23,$170.51
1553,$173.31,60273270,$170.41,$173.60,$170.11
1552,$169.71,57388450,$170.00,$171.42,$169.58
1551,$170.85,54288330,$170.565,$171.94,$169.45
1548,$172.28,71160140,$171.76,$173.05,$170.06
1547,$171.37,106181300,$177.05,$177.49,$170.84
1546,$178.67,53423100,$175.72,$178.67,$175.09
1545,$176.08,55215240,$174.34,$176.605,$173.03
1544,$173.72,75604180,$175.57,$177.71,$173.52
1541,$172.62,121752700,$171.17,$172.62,$170.285
1540,$173.00,72913510,$172.91,$174.3078,$172.05
1539,$171.13,52488690,$172.77,$173.185,$170.76
1538,$173.23,59825370,$173.15,$174.03,$171.01
1537,$172.75,60139470,$172.94,$174.38,$172.05
1534,$170.73,76267040,$169.00,$173.70,$168.94
1533,$169.00,71765060,$169.15,$170.73,$168.49
1532,$169.12,68587710,$171.06,$171.24,$168.68
1531,$170.12,95132360,$170.76,$172.04,$169.62
1530,$175.10,81510100,$176.15,$176.90,$173.79
1527,$179.66,73563080,$179.55,$180.53,$177.38
1526,$180.75,136682600,$181.27,$182.57,$179.53
1525,$181.42,48953940,$182.51,$183.12,$180.13
1524,$182.63,54318850,$181.10,$183.9225,$179.56
1523,$181.16,40867420,$182.24,$182.76,$180.65
1520,$182.52,45119680,$185.01,$185.04,$182.23
1519,$184.37,52292210,$183.48,$184.955,$182.46
1518,$182.32,41529670,$181.94,$182.8888,$180.66
1517,$181.56,53665550,$181.79,$182.43,$180.00
1513,$182.31,49752470,$183.42,$184.85,$181.665
1512,$183.86,65434500,$183.55,$184.49,$181.35
1511,$184.15,54630520,$185.32,$185.53,$182.44
1510,$185.04,56529530,$185.77,$186.21,$183.5128
1509,$187.15,41781930,$188.415,$188.67,$186.79
1506,$188.85,45155220,$188.65,$189.99,$188.00
1505,$188.32,40962050,$189.385,$189.535,$187.35
1504,$189.41,53438960,$190.64,$191.05,$188.61
1503,$189.30,43490760,$186.86,$189.31,$186.7695
1502,$187.68,69668820,$188.15,$189.25,$185.84
1499,$185.85,102551700,$179.86,$187.33,$179.25
1498,$186.86,64885410,$183.985,$186.95,$183.82
1497,$184.40,55467800,$187.04,$187.095,$184.35
1496,$188.04,55859370,$190.94,$191.80,$187.47
1495,$191.73,47145620,$192.01,$192.20,$189.58
1492,$192.42,44594010,$194.27,$194.76,$191.94
1491,$194.17,54822130,$195.22,$196.2675,$193.1125
1490,$194.50,53631320,$195.42,$196.38,$194.34
1489,$195.18,42355590,$195.02,$195.75,$193.8299
1488,$193.89,60133850,$192.30,$195.33,$192.26
1485,$191.56,68902990,$189.33,$191.95,$188.82
1484,$188.63,78005750,$186.09,$189.14,$185.83
1483,$182.68,47317430,$181.27,$182.93,$180.30
1482,$183.63,65603040,$182.16,$184.26,$180.934
1478,$185.92,40477780,$186.06,$186.74,$185.19
1477,$185.59,49128410,$186.54,$187.05,$183.62
1476,$186.19,46792910,$184.35,$186.40,$183.92
1475,$185.14,42841810,$183.92,$185.15,$182.73
1474,$185.56,59144470,$182.085,$185.60,$181.50
1471,$181.18,62379660,$181.99,$182.76,$180.17
1470,$181.91,71983570,$182.15,$183.0872,$180.88
1469,$184.25,58414460,$184.22,$185.88,$183.43
1468,$185.64,82488670,$187.15,$188.44,$183.885
1464,$192.53,42672150,$193.90,$194.40,$191.725
1463,$193.58,34049900,$194.14,$194.66,$193.17
1462,$193.15,48087680,$192.49,$193.50,$191.09
1461,$193.05,28919310,$193.61,$193.89,$192.83
1457,$193.60,37149570,$195.18,$195.41,$192.97
1456,$194.68,46482550,$196.10,$197.08,$193.50
1455,$194.83,52242820,$196.90,$197.68,$194.83
1454,$196.94,40714050,$196.16,$196.95,$195.89
1453,$195.89,55751860,$196.09,$196.63,$194.39
1450,$197.57,128538400,$197.53,$198.3999,$197.00
1449,$198.11,66831570,$198.02,$199.62,$196.16
1448,$197.96,70404180,$195.09,$198.00,$194.85
1447,$194.71,52696900,$193.08,$194.72,$191.721
1446,$193.18,60943700,$193.11,$193.49,$191.42
1443,$195.71,53406360,$194.20,$195.99,$193.67
1442,$194.27,47477660,$193.63,$195.00,$193.59
1441,$192.32,41089740,$194.45,$194.76,$192.11
1440,$193.42,66628400,$190.21,$194.40,$190.18
1439,$189.43,43389520,$189.98,$190.05,$187.4511
1436,$191.24,45704820,$190.33,$191.56,$189.23
1435,$189.95,48794370,$189.84,$190.32,$188.19
1434,$189.37,43014220,$190.90,$192.09,$188.97
1433,$190.40,38415420,$189.78,$191.08,$189.40
1432,$189.79,40552610,$189.92,$190.67,$188.90
1429,$189.97,24048340,$190.87,$190.90,$189.25
1427,$191.31,39630010,$191.49,$192.93,$190.825
1426,$190.64,38134490,$191.41,$191.52,$189.74
1425,$191.45,46538610,$189.89,$191.905,$189.88
1422,$189.69,50941400,$190.25,$190.38,$188.57
1421,$189.71,54412920,$189.57,$190.96,$188.65
1420,$188.01,53790500,$187.845,$189.50,$187.78
1419,$187.44,60108380,$187.70,$188.11,$186.30
1418,$184.80,43627520,$185.82,$186.03,$184.21
1415,$186.40,66177920,$183.97,$186.565,$183.53
1414,$182.41,53763540,$182.96,$184.12,$181.81
1413,$182.89,49340280,$182.35,$183.45,$181.59
1412,$181.82,70529970,$179.18,$182.44,$178.97
1411,$179.23,63841310,$176.38,$179.43,$176.21
1408,$176.65,79829250,$174.24,$176.82,$173.35
1407,$177.57,77334750,$175.52,$177.78,$175.46
1406,$173.97,56934910,$171.00,$174.23,$170.12
1405,$170.77,44846020,$169.35,$170.90,$167.90
1404,$170.29,51130960,$169.02,$171.17,$168.87
1401,$168.22,58499130,$166.91,$168.96,$166.83
1400,$166.89,70625260,$170.37,$171.3775,$165.67
1399,$171.10,57156960,$171.88,$173.06,$170.65
1398,$173.44,43816640,$173.05,$173.67,$171.45
1397,$173.00,55980110,$170.91,$174.01,$169.93
1394,$172.88,64244030,$175.31,$175.42,$172.64
1393,$175.46,59302860,$176.04,$177.84,$175.19
1392,$175.84,54764380,$175.58,$177.575,$175.11
1391,$177.15,57549350,$176.645,$178.42,$174.80
1390,$178.72,52516980,$176.75,$179.075,$176.51
1387,$178.85,51456080,$181.42,$181.93,$178.14
1386,$180.71,56743120,$180.07,$182.34,$179.04
1385,$179.80,47551100,$178.20,$179.85,$177.60
1384,$178.39,43698020,$178.10,$179.72,$177.95
1383,$178.99,42390770,$176.81,$179.05,$175.80
1380,$177.49,57266680,$173.80,$177.99,$173.18
1379,$174.91,48527920,$173.79,$175.45,$172.68
1378,$173.66,53020290,$171.09,$174.21,$170.97
1377,$172.40,49594610,$172.255,$173.63,$170.82
1376,$173.75,52164540,$171.22,$174.30,$170.93
1373,$171.21,51861080,$172.02,$173.07,$170.341
1372,$170.69,56294420,$169.34,$172.03,$167.62
1371,$170.43,66921810,$172.62,$173.04,$169.05
1370,$171.96,64588950,$174.82,$175.20,$171.66
1369,$176.08,46172740,$174.20,$176.97,$174.15
1366,$174.79,56725390,$174.67,$177.079,$174.05
1365,$173.93,63149120,$174.55,$176.30,$173.86
1364,$175.49,58436180,$179.26,$179.695,$175.40
1363,$179.07,51826940,$177.52,$179.63,$177.13
1362,$177.97,67257570,$176.48,$179.38,$176.17
1359,$175.01,109259500,$176.48,$176.495,$173.82
1358,$175.74,60895760,$174.00,$176.10,$173.58
1357,$174.21,84267930,$176.51,$177.30,$173.98
1356,$176.30,90370190,$179.49,$180.13,$174.82
1355,$179.36,58953050,$180.07,$180.30,$177.34
1352,$178.18,65602070,$178.35,$180.239,$177.79
1351,$177.56,112488800,$175.18,$178.21,$173.54
1350,$182.91,81755820,$188.40,$188.85,$181.47
1349,$189.70,45280030,$188.28,$189.98,$187.61
1345,$189.46,45766500,$189.485,$189.92,$188.28
1344,$187.87,60794470,$187.84,$189.12,$187.48
1343,$187.65,60813890,$184.94,$187.85,$184.74
1342,$184.12,53003950,$179.695,$184.90,$179.50
1341,$180.19,43820700,$180.09,$180.59,$178.545
1338,$178.61,51449590,$177.38,$179.15,$175.82
1337,$176.38,54945800,$180.674,$181.104,$176.01
1336,$181.12,52722750,$178.52,$181.55,$178.325
1335,$177.23,42084250,$177.06,$177.68,$176.25
1334,$175.84,46311880,$175.07,$176.13,$173.735
1331,$174.49,61172150,$172.30,$175.10,$171.96
1330,$174.00,66062880,$177.14,$177.5054,$173.48
1329,$176.57,46964860,$177.13,$178.54,$176.50
1328,$177.45,43622590,$178.88,$179.48,$177.05
1327,$179.46,43675630,$177.97,$179.69,$177.305
1324,$177.79,52036670,$177.32,$178.62,$176.55
1323,$177.97,54686850,$179.48,$180.75,$177.60
1322,$178.19,60378490,$180.87,$180.93,$177.01
1321,$179.80,67823000,$179.69,$180.27,$177.58
1320,$178.85,97576070,$182.13,$183.13,$177.35
1317,$181.99,115956800,$185.52,$187.38,$181.92
1316,$191.17,62243280,$191.57,$192.37,$190.69
1315,$192.58,50389330,$195.04,$195.18,$191.8507
1314,$195.605,35281430,$196.235,$196.73,$195.28
1313,$196.45,38824110,$196.06,$196.49,$195.26
1310,$195.83,48291440,$194.67,$196.626,$194.14
1309,$193.22,47460180,$196.02,$197.20,$192.55
1308,$194.50,47471870,$193.67,$195.64,$193.32
1307,$193.62,37283200,$193.33,$194.44,$192.915
1306,$192.75,45505100,$193.41,$194.91,$192.25
1303,$191.94,71951680,$194.10,$194.97,$191.23
1302,$193.13,59581200,$195.09,$196.47,$192.495
1301,$195.10,80507320,$193.10,$198.23,$192.65
1300,$193.73,48353770,$193.35,$194.33,$192.415
1299,$193.99,50520160,$191.90,$194.32,$191.81
1296,$190.69,41616240,$190.23,$191.1799,$189.63
1295,$190.54,41342340,$190.50,$191.19,$189.78
1294,$189.77,60750250,$189.68,$191.70,$188.47
1293,$188.08,46638120,$189.16,$189.30,$186.60
1292,$188.61,59922160,$189.26,$189.99,$187.035
1289,$190.68,46815000,$191.41,$192.67,$190.24
1288,$191.81,45156010,$189.84,$192.02,$189.20
1287,$191.33,46920260,$191.565,$192.98,$190.62
1285,$192.46,31346600,$193.78,$193.88,$191.76
1282,$193.97,85213220,$191.63,$194.48,$191.26
1281,$189.59,46347310,$189.08,$190.07,$188.94
1280,$189.25,51216800,$187.93,$189.90,$187.60
1279,$188.06,50730850,$185.89,$188.39,$185.67
1278,$185.27,48088660,$186.83,$188.05,$185.23
1275,$186.68,53117000,$185.55,$187.56,$185.01
1274,$187.00,51245330,$183.74,$187.045,$183.67
1273,$183.96,49515700,$184.90,$185.41,$182.5901
1272,$185.01,49799090,$184.41,$186.10,$184.41
1268,$184.92,101256200,$186.73,$186.99,$184.27
1267,$186.01,65433170,$183.96,$186.52,$183.78
1266,$183.95,57462880,$183.37,$184.39,$182.02
1265,$183.31,54929130,$182.80,$184.15,$182.44
1264,$183.79,54755000,$181.27,$183.89,$180.97
1261,$180.96,48899970,$181.50,$182.23,$180.63
1260,$180.57,50214880,$177.895,$180.84,$177.46
1259,$177.82,61944620,$178.44,$181.21,$177.32
1258,$179.21,64848370,$179.965,$180.12,$177.43
1257,$179.58,121946500,$182.63,$184.951,$178.035
1254,$180.95,61996910,$181.03,$181.78,$179.26
1253,$180.09,68901810,$177.70,$180.12,$176.9306
1252,$177.25,99625290,$177.325,$179.35,$176.76
1251,$177.30,55964400,$176.96,$178.99,$176.57
1247,$175.43,54834980,$173.32,$175.77,$173.11
1246,$172.99,56058260,$172.41,$173.895,$171.69
1245,$171.84,45143490,$171.09,$172.4183,$170.52
1244,$171.56,50747260,$173.13,$173.3794,$171.275
1243,$174.20,43570930,$173.98,$174.71,$173.45
1240,$175.16,55809480,$176.39,$176.39,$174.94
1239,$175.05,65496660,$173.00,$175.24,$172.58
1238,$172.69,57951600,$171.71,$172.925,$170.4201
1237,$172.07,42110290,$171.99,$173.1383,$171.7991
1236,$172.07,37266660,$173.16,$173.21,$171.47
1233,$172.57,45533140,$173.62,$174.06,$171.00
1232,$173.75,49514680,$173.85,$174.59,$172.17
1231,$173.555,53724500,$173.02,$174.03,$171.90
1230,$171.77,45326870,$173.05,$173.54,$171.60
1229,$173.50,55962790,$172.48,$173.85,$172.11
1226,$173.57,113453200,$170.975,$174.30,$170.76
1225,$165.79,81235430,$164.89,$167.04,$164.31
1224,$167.45,65136020,$169.50,$170.92,$167.16
1223,$168.54,48425700,$170.09,$170.35,$167.54
1222,$169.59,52472940,$169.28,$170.45,$168.64
1219,$169.68,55275850,$168.49,$169.85,$167.8801
1218,$168.41,64902330,$165.19,$168.56,$165.19
1217,$163.76,45498800,$163.055,$165.28,$162.80
1216,$163.77,48714060,$165.19,$166.305,$163.73
1215,$165.33,41949580,$165.00,$165.60,$163.89
1212,$165.02,58337340,$165.05,$166.4521,$164.49
1211,$166.65,52456380,$166.09,$167.87,$165.56
1210,$167.63,47720170,$165.80,$168.16,$165.54
1209,$166.47,49923010,$166.10,$167.41,$165.65
1208,$165.23,41516220,$165.09,$165.39,$164.03
1205,$165.21,49386480,$164.59,$166.32,$163.82
1204,$165.56,68445650,$161.63,$165.80,$161.42
1203,$160.10,50133060,$161.22,$162.06,$159.78
1202,$160.80,47644220,$162.35,$162.36,$160.51
1201,$162.03,47716880,$161.42,$162.03,$160.08
1197,$164.66,45390120,$162.43,$164.9584,$162.00
1196,$163.76,51511740,$164.74,$165.05,$161.80
1195,$165.63,46278300,$166.595,$166.84,$165.11
1194,$166.17,56976190,$164.27,$166.29,$164.22
1191,$164.90,68749790,$162.44,$165.00,$161.91
1190,$162.36,49501690,$161.53,$162.47,$161.271
1189,$160.77,51305690,$159.37,$161.05,$159.35
1188,$157.65,45992150,$157.97,$158.49,$155.98
1187,$158.28,52390270,$159.94,$160.77,$157.87
1184,$160.25,59256340,$158.86,$160.34,$157.85
1183,$158.93,67622060,$158.83,$161.5501,$157.68
1182,$157.83,75701810,$159.30,$162.14,$157.81
1181,$159.28,73938290,$157.32,$159.40,$156.54
1180,$157.40,73641420,$155.07,$157.82,$154.15
1177,$155.00,98944630,$156.08,$156.74,$154.28
1176,$155.85,76254420,$152.16,$156.46,$151.64
1175,$152.99,77167870,$151.19,$153.245,$149.92
1174,$152.59,73695890,$151.28,$153.40,$150.10
1173,$150.47,84457120,$147.805,$153.14,$147.70
1170,$148.50,68572400,$150.21,$150.94,$147.6096
1169,$150.59,53833580,$153.559,$154.535,$150.225
1168,$152.87,47204790,$152.81,$153.47,$151.83
1167,$151.60,56182030,$153.70,$154.0299,$151.13
1166,$153.83,87558030,$153.785,$156.30,$153.46
1163,$151.03,70732300,$148.045,$151.11,$147.33
1162,$145.91,52279760,$144.38,$146.71,$143.90
1161,$145.31,55478990,$146.83,$147.2285,$145.01
1160,$147.41,50547000,$147.05,$149.08,$146.83
1159,$147.92,44998470,$147.71,$149.17,$147.45
1156,$146.71,55469610,$147.11,$147.19,$145.7202
1155,$149.40,48394250,$150.09,$150.34,$147.24
1154,$148.91,51011310,$148.87,$149.95,$147.16
1153,$148.48,58867230,$150.20,$151.30,$148.405
1149,$152.55,59144120,$152.35,$153.00,$150.85
1148,$153.71,68167940,$153.51,$156.33,$153.3475
1147,$155.33,65669250,$153.11,$155.50,$152.88
1146,$153.20,61707570,$152.12,$153.77,$150.86
1145,$153.85,62199010,$150.952,$154.26,$150.92
1142,$151.01,57450710,$149.46,$151.3401,$149.22
1141,$150.87,56007140,$153.775,$154.33,$150.42
1140,$151.92,64120080,$153.88,$154.58,$151.168
1139,$154.65,83322550,$150.64,$155.23,$150.64
1138,$151.73,69858310,$152.575,$153.10,$150.78
1135,$154.50,154357300,$148.03,$157.38,$147.83
1134,$150.82,118339000,$148.90,$151.18,$148.17
1133,$145.43,77663630,$143.97,$146.61,$141.32
1132,$144.29,65874460,$142.70,$144.34,$142.28
1131,$143.00,64015270,$144.955,$145.55,$142.85
1128,$145.93,70555840,$143.155,$147.23,$143.08
1127,$143.96,54105070,$143.17,$144.25,$141.90
1126,$141.86,65799350,$140.89,$142.43,$138.81
1125,$142.53,66435140,$140.305,$143.16,$140.30
1124,$141.11,81760310,$138.12,$143.315,$137.90
1121,$137.87,80223630,$135.28,$138.02,$134.22
1120,$135.27,58280410,$134.08,$136.25,$133.77
1119,$135.21,69672800,$136.815,$138.61,$135.03
1118,$135.94,63646630,$134.83,$137.29,$134.13
1114,$134.76,57809720,$132.03,$134.92,$131.66
1113,$133.41,71379650,$133.88,$134.26,$131.44
1112,$133.49,69458950,$131.25,$133.51,$130.46
1111,$130.73,63896160,$130.26,$131.2636,$128.12
1110,$130.15,70790810,$130.465,$133.41,$129.89
1107,$129.62,87754720,$126.01,$130.29,$124.89
1106,$125.02,80962710,$127.13,$127.77,$124.76
1105,$126.36,89113630,$126.89,$128.6557,$125.08
1104,$125.07,112117500,$130.28,$130.90,$124.17
1100,$129.93,77034210,$128.41,$129.95,$127.43
1099,$129.61,75703710,$127.99,$130.4814,$127.73
1098,$126.04,85438390,$129.67,$131.0275,$125.87
1097,$130.03,69007830,$131.38,$131.41,$128.72
1093,$131.86,63814890,$130.92,$132.415,$129.64
1092,$132.23,77852110,$134.352,$134.56,$130.30
1091,$135.45,85927990,$132.98,$136.81,$132.75
1090,$132.30,77432820,$131.39,$133.25,$129.89
1089,$132.37,79592610,$135.11,$135.20,$131.32
1086,$134.51,160156900,$136.685,$137.65,$133.73
1085,$136.50,98931910,$141.11,$141.80,$136.025
1084,$143.21,82291180,$145.35,$146.655,$141.16
1083,$145.47,93886160,$149.50,$149.9692,$144.24
1082,$144.49,70462650,$142.70,$144.50,$141.06
1079,$142.16,76097010,$142.34,$145.57,$140.90
1078,$142.65,62128340,$142.36,$143.52,$141.10
1077,$140.94,69721090,$142.19,$143.37,$140.00
1076,$142.91,64727190,$147.075,$147.30,$141.92
1075,$146.63,68826440,$147.77,$150.9199,$145.77
1072,$147.81,65447450,$145.96,$148.00,$145.65
1071,$148.31,71250420,$148.21,$149.13,$146.61
1070,$148.03,111380900,$141.395,$148.72,$140.55
1069,$141.17,83763800,$144.29,$144.81,$140.355
1068,$144.22,69346520,$145.14,$146.64,$143.38
1065,$148.11,35195860,$148.305,$148.88,$147.12
1063,$151.07,58301400,$149.45,$151.83,$149.34
1062,$150.18,51804130,$148.13,$150.42,$146.925
1061,$148.01,58724070,$150.16,$150.37,$147.715
1058,$151.29,74829570,$152.305,$152.70,$149.97
1057,$150.72,80389400,$146.43,$151.48,$146.15
1056,$148.79,64218270,$149.13,$149.87,$147.29
1055,$150.04,89868330,$152.215,$153.59,$148.5613
1054,$148.28,73374110,$148.97,$150.28,$147.43
1051,$149.70,93979670,$145.82,$150.01,$144.37
1050,$146.87,118854000,$141.24,$146.87,$139.50
1049,$134.87,74917790,$138.50,$138.55,$134.5933
1048,$139.50,89908480,$140.41,$141.43,$137.49
1047,$138.92,83374630,$137.11,$139.145,$135.671
1044,$138.38,140814800,$142.09,$142.67,$134.38
1043,$138.88,97918520,$142.06,$142.80,$138.75
1042,$145.03,93604620,$148.945,$152.17,$145.00
1041,$150.65,80379350,$155.08,$155.45,$149.13
1040,$153.34,97943170,$153.155,$154.24,$151.92
1037,$155.74,164762400,$148.20,$157.50,$147.82
1036,$144.80,109180200,$148.07,$149.046,$144.13
1035,$149.35,88436170,$150.96,$151.99,$148.04
1034,$152.34,74732290,$150.09,$152.49,$149.36
1033,$149.45,75981920,$147.185,$150.23,$146.00
1030,$147.27,86548610,$142.87,$147.8479,$142.649
1029,$143.39,64521990,$143.02,$145.89,$142.65
1028,$143.86,61758340,$141.69,$144.9492,$141.50
1027,$143.75,99136610,$145.49,$146.70,$140.61
1026,$142.41,85250940,$141.065,$142.90,$140.27
1023,$138.38,88597970,$144.31,$144.52,$138.19
1022,$142.99,113224000,$134.99,$143.59,$134.37
1021,$138.34,70433740,$139.13,$140.36,$138.16
1020,$138.98,77033670,$139.90,$141.35,$138.22
1019,$140.42,74899000,$140.42,$141.89,$138.5729
1016,$140.09,85925560,$142.54,$143.10,$139.445
1015,$145.43,68402170,$145.81,$147.54,$145.22
1014,$146.40,79470970,$144.075,$147.38,$143.01
1013,$146.10,87830060,$145.03,$146.22,$144.26
1012,$142.45,114311700,$138.21,$143.07,$137.685
1009,$138.20,124925300,$141.28,$143.10,$138.00
1008,$142.48,128138200,$146.10,$146.72,$140.68
1007,$149.84,146691400,$147.64,$150.6414,$144.84
1006,$151.76,84442740,$152.74,$154.72,$149.945
1005,$150.77,93339410,$149.66,$153.7701,$149.64
1002,$150.43,96029910,$151.19,$151.47,$148.56
1001,$152.74,86652540,$152.38,$154.47,$150.91
1000,$153.72,101696800,$157.34,$158.74,$153.60
999,$156.90,107689800,$153.40,$158.08,$153.08
998,$154.48,81474250,$149.31,$154.56,$149.10
995,$150.70,162278800,$151.21,$151.35,$148.37
994,$152.37,90481110,$154.65,$155.24,$151.38
993,$155.31,87965410,$154.785,$157.10,$153.6106
992,$153.84,122656600,$159.90,$160.54,$153.37
991,$163.43,104956000,$159.59,$164.26,$159.30
988,$157.37,68081010,$155.47,$157.82,$154.75
987,$154.46,84923850,$154.64,$156.36,$152.68
986,$155.96,87449570,$154.825,$156.67,$153.61
985,$154.53,73714840,$156.47,$157.09,$153.69
981,$155.81,76957770,$159.75,$160.362,$154.965
980,$157.96,74229900,$156.64,$158.42,$154.67
979,$157.22,87991090,$160.305,$160.58,$157.14
978,$158.91,77906200,$162.13,$162.56,$157.72
977,$161.38,73313950,$161.145,$162.90,$159.82
974,$163.62,78960980,$170.57,$171.05,$163.56
973,$170.03,51218210,$168.78,$170.14,$168.35
972,$167.53,53841520,$167.32,$168.11,$166.245
971,$167.23,54147080,$167.08,$168.71,$166.65
970,$167.57,69026810,$169.69,$169.86,$167.135
967,$171.52,70346300,$173.03,$173.74,$171.3101
966,$174.15,62290080,$173.75,$174.90,$173.12
965,$174.55,79542040,$172.77,$176.15,$172.57
964,$173.03,56377050,$172.78,$173.71,$171.6618
963,$173.19,54091690,$171.52,$173.39,$171.345
960,$172.10,68039380,$169.82,$172.17,$169.40
959,$168.49,57149160,$170.06,$170.99,$168.19
958,$169.24,70170540,$167.68,$169.34,$166.90
957,$164.92,63135500,$164.02,$165.82,$163.25
956,$164.87,60362340,$166.37,$167.81,$164.20
953,$165.35,56696990,$163.21,$165.85,$163.00
952,$165.81,55474140,$166.005,$167.19,$164.43
951,$166.13,82507490,$160.84,$166.59,$160.75
950,$160.01,59907030,$160.10,$162.41,$159.63
949,$161.51,67829380,$161.01,$163.59,$160.89
946,$162.51,101786900,$161.24,$163.63,$159.50
945,$157.35,81378730,$156.98,$157.64,$154.41
944,$156.79,78620690,$152.58,$157.33,$152.16
943,$151.60,55138690,$152.265,$153.085,$150.80
942,$152.95,53623950,$154.01,$155.04,$152.28
939,$154.09,66675410,$155.39,$156.28,$153.41
938,$155.35,65086640,$154.50,$155.57,$151.94
937,$153.04,64823410,$151.12,$153.72,$150.37
936,$151.00,82982370,$147.92,$151.23,$146.91
935,$147.07,81420870,$150.74,$151.57,$146.70
932,$150.17,76259930,$149.78,$150.86,$148.20
931,$148.47,78140740,$144.08,$148.95,$143.25
930,$145.49,71185560,$142.99,$146.45,$142.1201
929,$145.86,77588760,$145.76,$148.45,$145.05
928,$144.87,63305110,$145.67,$146.64,$143.78
925,$147.04,64547800,$145.265,$147.55,$145.00
924,$146.35,66253710,$143.29,$146.55,$143.28
923,$142.92,74064250,$141.355,$144.12,$141.08
922,$141.56,73429640,$137.77,$141.61,$136.93
918,$138.93,71051550,$136.04,$139.04,$135.66
917,$136.72,98964470,$137.25,$138.37,$133.7737
916,$139.23,66242410,$137.46,$140.67,$136.67
915,$137.44,67315330,$142.13,$143.422,$137.325
914,$141.66,70207910,$142.695,$143.49,$140.965
911,$141.66,89116840,$139.90,$141.91,$139.77
910,$138.27,72433770,$136.82,$138.59,$135.63
909,$135.35,73409230,$134.79,$137.76,$133.91
908,$135.87,81000490,$133.42,$137.06,$133.32
904,$131.56,134520300,$130.065,$133.079,$129.81
903,$130.06,107961500,$132.08,$132.39,$129.04
902,$135.43,91532970,$134.29,$137.34,$132.16
901,$132.76,84784330,$133.13,$133.89,$131.48
900,$131.88,122207100,$132.87,$135.20,$131.44
897,$137.13,91566640,$140.28,$140.76,$137.06
896,$142.64,69472980,$147.08,$147.95,$142.53
895,$147.96,53950200,$148.58,$149.8697,$147.46
894,$148.71,67808150,$144.345,$149.00,$144.10
893,$146.14,71598380,$147.03,$148.5689,$144.90
890,$145.38,88570290,$146.90,$147.97,$144.46
889,$151.21,72348060,$147.83,$151.27,$146.86
888,$148.71,74286640,$149.90,$151.74,$147.68
887,$148.84,103718400,$149.07,$150.66,$146.84
883,$149.64,90978500,$145.39,$149.68,$145.26
882,$143.78,90601550,$137.39,$144.34,$137.14
881,$140.52,92482700,$138.43,$141.785,$138.34
880,$140.36,104132700,$140.805,$141.97,$137.33
879,$143.11,117726300,$137.79,$143.26,$137.65
876,$137.59,137426100,$139.09,$140.70,$132.61
875,$137.35,136095600,$139.88,$141.66,$136.60
874,$140.82,109742900,$146.85,$147.3601,$139.90
873,$149.24,78336250,$148.86,$149.77,$146.68
872,$145.54,86643780,$145.55,$147.5199,$144.18
869,$147.11,113990900,$144.59,$148.105,$143.11
868,$142.56,182602000,$142.77,$146.20,$138.80
867,$146.50,142689800,$153.50,$155.45,$145.81
866,$154.51,115366700,$155.52,$156.74,$152.93
865,$152.06,131577900,$154.925,$155.83,$151.49
862,$157.28,116124600,$156.01,$159.44,$154.18
861,$156.77,130525300,$163.85,$164.08,$154.95
860,$166.02,108256500,$159.67,$166.48,$159.26
859,$159.48,88966530,$158.15,$160.71,$156.32
858,$157.96,123055300,$156.71,$158.23,$153.27
855,$157.65,131747600,$161.84,$166.20,$157.25
854,$163.64,130216800,$159.25,$164.515,$158.93
853,$156.57,88063190,$155.91,$159.79,$155.38
852,$156.80,95623240,$162.25,$162.34,$156.72
851,$162.88,96046380,$161.12,$163.17,$158.46
848,$161.79,84882420,$166.46,$167.8699,$161.50
847,$166.42,87227770,$168.91,$171.53,$165.91
846,$167.23,67929810,$168.76,$168.88,$166.10
845,$167.40,67723830,$165.02,$167.82,$163.91
844,$165.07,69023940,$163.92,$166.5984,$163.57
840,$165.29,75329380,$170.62,$171.27,$165.04
839,$170.40,70618930,$167.39,$171.04,$166.77
838,$167.66,79265180,$168.02,$169.87,$166.64
837,$165.75,72246710,$168.71,$169.03,$165.50
834,$170.09,76575510,$171.78,$171.78,$169.20
833,$172.14,77594650,$171.16,$173.36,$169.85
832,$171.83,89058780,$172.36,$173.63,$170.13
831,$175.06,73401790,$177.50,$178.30,$174.415
830,$178.44,76545980,$174.57,$178.49,$174.44
827,$174.31,78751330,$174.03,$174.88,$171.94
826,$174.61,103049300,$177.84,$178.03,$174.40
825,$177.77,92633150,$178.55,$179.61,$176.70
824,$178.96,100589400,$176.69,$179.01,$176.34
823,$175.60,90371920,$172.17,$175.73,$172.00
820,$174.72,80546160,$173.88,$175.28,$172.75
819,$174.07,90131420,$171.06,$174.14,$170.21
818,$170.21,98062670,$167.99,$172.64,$167.65
817,$168.82,81532010,$165.51,$169.42,$164.91
816,$165.38,95811350,$163.51,$166.35,$163.015
813,$163.98,123511700,$160.51,$164.48,$159.76
812,$160.62,75615380,$158.61,$161.00,$157.63
811,$159.59,102300200,$157.05,$160.00,$154.46
810,$155.09,92964300,$150.90,$155.57,$150.38
809,$150.62,108732100,$151.45,$154.12,$150.10
806,$154.73,96970100,$158.93,$159.28,$154.50
805,$158.52,105342000,$160.20,$160.39,$155.98
804,$162.95,91454910,$161.475,$163.41,$159.41
803,$157.44,131148300,$158.82,$162.88,$155.80
802,$159.30,96418850,$163.36,$165.02,$159.04
799,$163.17,83819590,$164.49,$165.55,$162.10
798,$166.23,76678440,$168.47,$168.91,$165.55
797,$166.56,79724750,$164.39,$167.36,$162.95
796,$163.20,83474430,$164.695,$166.60,$161.97
795,$165.12,95056630,$163.06,$165.42,$162.43
792,$164.85,91974220,$163.84,$165.12,$160.8738
791,$162.74,141147500,$152.58,$162.85,$152.00
790,$160.07,90009250,$165.54,$166.15,$159.75
789,$164.32,91162760,$164.98,$166.69,$162.15
785,$167.30,82772670,$169.82,$170.5413,$166.19
784,$168.88,69589340,$171.03,$171.91,$168.47
783,$172.55,61177400,$171.85,$173.34,$170.05
782,$172.79,64286320,$170.97,$172.95,$170.25
781,$168.88,86185530,$167.37,$169.58,$166.56
778,$168.64,98670690,$172.33,$173.08,$168.04
777,$172.12,90865900,$174.14,$175.48,$171.55
776,$176.28,71285040,$176.05,$176.65,$174.90
775,$174.83,74829220,$171.73,$175.35,$171.43
774,$171.66,77251200,$172.86,$173.9458,$170.95
771,$172.39,82465400,$171.68,$174.10,$170.68
770,$172.90,89418070,$174.48,$176.2399,$172.12
769,$175.84,84914260,$174.745,$175.88,$173.33
768,$174.61,86213910,$174.01,$174.84,$172.31
767,$174.78,115541600,$170.16,$175.00,$169.51
764,$170.33,179935700,$165.71,$170.35,$162.80
763,$159.22,121954600,$162.45,$163.84,$158.28
762,$159.69,108275300,$163.50,$164.3894,$157.82
761,$159.78,115798400,$158.98,$162.76,$157.02
760,$161.62,162706700,$160.02,$162.30,$154.70
757,$162.41,122848900,$164.415,$166.33,$162.30
756,$164.51,91420520,$166.98,$169.68,$164.18
755,$166.23,94814990,$170.00,$171.08,$165.94
754,$169.80,91168730,$171.51,$172.54,$169.405
750,$173.07,80440780,$171.34,$173.78,$171.09
749,$172.19,84505760,$175.78,$176.62,$171.79
748,$175.53,74805170,$176.12,$177.18,$174.82
747,$175.08,76138310,$172.32,$175.18,$170.82
746,$172.19,106765600,$169.08,$172.50,$168.17
743,$172.17,86709150,$172.89,$174.14,$171.03
742,$172.00,96903960,$172.70,$175.30,$171.64
741,$174.92,94537600,$179.61,$180.17,$174.64
740,$179.70,99310440,$182.63,$182.94,$179.12
739,$182.01,104701200,$177.83,$182.88,$177.71
736,$177.57,64062260,$178.085,$179.23,$177.26
735,$178.20,59773010,$179.47,$180.57,$178.09
734,$179.38,62348930,$179.33,$180.63,$178.14
733,$179.29,79144340,$180.16,$181.33,$178.53
732,$180.33,74919580,$177.085,$180.42,$177.07
728,$176.28,68356570,$175.85,$176.8499,$175.27
727,$175.64,92135300,$173.04,$175.86,$172.15
726,$172.99,91185910,$171.555,$173.20,$169.12
725,$169.75,107499100,$168.28,$170.58,$167.46
722,$171.14,195923400,$169.93,$173.47,$169.69
721,$172.26,150185800,$179.28,$181.14,$170.75
720,$179.30,131063300,$175.11,$179.50,$172.3108
719,$174.33,139380400,$175.25,$177.74,$172.21
718,$175.74,153237000,$181.115,$182.13,$175.53
715,$179.45,115402700,$175.205,$179.63,$174.69
714,$174.56,108923700,$174.91,$176.75,$173.92
713,$175.08,116998900,$172.125,$175.96,$170.70
712,$171.18,120405400,$169.08,$171.58,$168.34
711,$165.32,107497000,$164.29,$167.8799,$164.28
708,$161.84,118023100,$164.02,$164.96,$159.72
707,$163.76,136739200,$158.735,$164.20,$157.80
706,$164.77,152423000,$167.48,$170.30,$164.53
705,$165.30,174048100,$159.985,$165.52,$159.92
704,$160.24,88748220,$159.37,$161.19,$158.7901
701,$156.81,76959750,$159.565,$160.45,$156.36
699,$161.94,69463620,$160.75,$162.14,$159.64
698,$161.41,96041900,$161.12,$161.80,$159.0601
697,$161.02,117467900,$161.68,$165.70,$161.00
694,$160.55,117305600,$157.65,$161.02,$156.5328
693,$157.87,137827700,$153.71,$158.67,$153.05
692,$153.49,88807000,$150.995,$155.00,$150.99
691,$151.00,59256210,$149.94,$151.488,$149.34
690,$150.00,59222800,$150.37,$151.88,$149.43
687,$149.99,63804010,$148.43,$150.40,$147.48
686,$147.87,40999950,$148.96,$149.43,$147.681
685,$147.92,65187090,$150.02,$150.13,$147.85
684,$150.81,56787930,$150.20,$151.428,$150.0601
683,$150.44,55020870,$151.41,$151.57,$150.16
680,$151.28,65463880,$151.89,$152.20,$150.06
679,$150.96,60394620,$151.58,$152.43,$150.64
678,$151.49,54511530,$150.39,$151.97,$149.82
677,$150.02,69121990,$148.66,$151.57,$148.65
676,$148.96,74588260,$148.985,$149.70,$147.80
673,$149.80,124953200,$147.215,$149.94,$146.4128
672,$152.57,100077900,$149.82,$153.165,$149.72
671,$148.85,56094930,$149.36,$149.73,$148.49
670,$149.32,60893400,$149.33,$150.84,$149.0101
669,$148.64,50720560,$148.68,$149.37,$147.6211
666,$148.69,58883440,$149.69,$150.18,$148.64
665,$149.48,61420990,$148.81,$149.64,$147.87
664,$149.26,58418790,$148.70,$149.7539,$148.12
663,$148.76,76378890,$147.01,$149.17,$146.55
662,$146.55,85589180,$143.445,$146.84,$143.16
659,$144.84,67940330,$143.77,$144.895,$143.51
658,$143.76,69907100,$142.11,$143.88,$141.51
657,$140.91,78762720,$141.235,$141.40,$139.20
656,$141.51,73035860,$143.23,$143.25,$141.0401
655,$142.81,64452220,$142.27,$144.81,$141.81
652,$142.90,58773160,$144.03,$144.1781,$142.56
651,$143.29,61732660,$143.06,$144.215,$142.72
650,$142.00,83221120,$139.47,$142.15,$138.37
649,$141.11,80861060,$139.49,$142.24,$139.36
648,$139.14,98322010,$141.76,$142.21,$138.27
645,$142.65,94639580,$141.90,$142.92,$139.1101
644,$141.50,89056660,$143.66,$144.378,$141.28
643,$142.83,74602040,$142.47,$144.45,$142.03
642,$141.91,108972300,$143.25,$144.75,$141.69
641,$145.37,74150730,$145.47,$145.96,$143.82
638,$146.92,53477870,$145.66,$147.4701,$145.56
637,$146.83,64838170,$146.65,$147.08,$145.64
636,$145.85,76404340,$144.45,$146.43,$143.7001
635,$143.43,75833960,$143.93,$144.60,$142.78
634,$142.94,123478900,$143.80,$144.84,$141.27
631,$146.06,129868800,$148.82,$148.82,$145.76
630,$148.79,68034150,$148.44,$148.97,$147.221
629,$149.03,83281320,$148.56,$149.44,$146.37
628,$148.12,109296300,$150.35,$151.07,$146.91
627,$149.55,102404300,$150.63,$151.42,$148.75
624,$148.97,140893200,$155.00,$155.48,$148.70
623,$154.07,57305730,$155.49,$156.11,$153.95
622,$155.11,74420210,$156.98,$157.04,$153.975
621,$156.69,82278260,$154.97,$157.26,$154.39
617,$154.30,57866070,$153.76,$154.63,$153.09
616,$153.65,71171320,$153.87,$154.72,$152.40
615,$152.51,80313710,$152.83,$154.98,$152.34
614,$151.83,86453120,$152.66,$152.80,$151.29
613,$153.12,90956720,$149.00,$153.49,$148.61
610,$148.60,55802390,$147.48,$148.75,$146.83
609,$147.54,48597200,$148.35,$149.12,$147.51
608,$148.36,58991300,$149.81,$150.32,$147.80
607,$149.62,48606430,$149.45,$150.86,$149.15
606,$149.71,60131810,$148.31,$150.19,$147.89
603,$148.19,60549630,$147.44,$148.50,$146.78
602,$146.70,86960310,$145.03,$148.00,$144.50
601,$146.36,86325990,$149.80,$150.72,$146.15
600,$150.19,92229740,$150.23,$151.68,$149.09
599,$151.12,103558800,$148.535,$151.19,$146.47
596,$149.10,59375010,$148.97,$149.4444,$148.27
595,$148.89,73779110,$146.19,$149.05,$145.84
594,$145.86,48493460,$146.05,$146.72,$145.53
593,$145.60,69023080,$146.44,$147.71,$145.30
592,$146.09,48908690,$146.20,$146.70,$145.52
589,$146.14,54126810,$146.35,$147.11,$145.63
588,$147.06,46397670,$146.98,$147.84,$146.17
587,$146.95,56368270,$147.27,$147.79,$146.28
586,$147.36,64786620,$145.81,$148.045,$145.18
585,$145.52,62879960,$146.36,$146.95,$145.25
582,$145.86,70440630,$144.38,$146.33,$144.11
581,$145.64,56699480,$144.685,$146.55,$144.58
580,$144.98,118931200,$144.81,$146.97,$142.54
579,$146.77,104818600,$149.12,$149.21,$145.55
578,$148.99,72434090,$148.27,$149.83,$147.70
575,$148.56,71447420,$147.55,$148.7177,$146.92
574,$146.80,77338160,$145.935,$148.195,$145.81
573,$145.40,74993460,$145.53,$146.13,$144.63
572,$146.15,96350040,$143.46,$147.0997,$142.96
571,$142.45,121434600,$143.75,$144.07,$141.67
568,$146.39,93251430,$148.46,$149.76,$145.88
567,$148.48,106820300,$149.24,$150.00,$147.09
566,$149.15,127050800,$148.10,$149.57,$147.68
565,$145.64,100827100,$144.03,$147.46,$143.63
564,$144.50,76299720,$146.21,$146.32,$144.00
561,$145.11,99890800,$142.75,$145.65,$142.6522
560,$143.24,105575500,$141.58,$144.06,$140.665
559,$144.57,104911600,$143.535,$144.89,$142.66
558,$142.02,108181800,$140.07,$143.15,$140.07
554,$139.96,78945570,$137.90,$140.00,$137.745
553,$137.27,52485780,$136.60,$137.33,$135.76
552,$136.96,63261390,$136.17,$137.41,$135.87
551,$136.33,64556080,$134.80,$136.49,$134.35
550,$134.78,62111300,$133.41,$135.245,$133.35
547,$133.11,70783750,$133.46,$133.89,$132.81
546,$133.41,68711000,$134.45,$134.64,$132.93
545,$133.70,60214200,$133.77,$134.32,$133.23
544,$133.98,74783620,$132.13,$134.08,$131.62
543,$132.30,79663320,$130.30,$132.41,$129.21
540,$130.46,108953300,$130.71,$131.51,$130.24
539,$131.79,96721670,$129.80,$132.55,$129.65
538,$130.15,91815030,$130.37,$130.89,$128.461
537,$129.64,62746330,$129.94,$130.60,$129.39
536,$130.48,96906490,$127.82,$130.54,$127.07
533,$127.35,53522370,$126.53,$127.44,$126.10
532,$126.11,71186420,$127.02,$128.19,$125.94
531,$127.13,56877940,$127.21,$127.75,$126.52
530,$126.74,74403770,$126.60,$128.46,$126.2101
529,$125.90,71057550,$126.17,$126.32,$124.8321
526,$125.89,75169340,$124.07,$126.16,$123.85
525,$123.54,76229170,$124.68,$124.85,$123.13
524,$125.06,59278860,$124.28,$125.24,$124.05
523,$124.28,67637120,$125.08,$125.35,$123.94
519,$124.61,71311110,$125.57,$125.80,$124.55
518,$125.28,94625600,$126.44,$127.64,$125.08
517,$126.85,56575920,$126.955,$127.39,$126.42
516,$126.90,72009480,$127.82,$128.32,$126.32
515,$127.10,63092950,$126.01,$127.94,$125.94
512,$125.43,79295440,$127.82,$128.00,$125.21
511,$127.31,76857120,$125.23,$127.72,$125.10
510,$124.69,92611990,$123.16,$124.915,$122.86
509,$124.85,63342930,$126.56,$126.99,$124.78
508,$126.27,74116550,$126.82,$126.93,$125.17
505,$127.45,81917950,$126.25,$127.89,$125.85
504,$124.97,105861300,$124.58,$126.15,$124.26
503,$122.77,112172300,$123.40,$124.64,$122.25
502,$125.91,126142800,$123.50,$126.27,$122.77
501,$126.85,88071230,$129.41,$129.54,$126.81
498,$130.21,78973270,$130.85,$131.2582,$129.475
497,$129.74,78128330,$127.89,$129.75,$127.13
496,$128.10,84000900,$129.20,$130.45,$127.97
495,$127.85,137564700,$131.19,$131.4899,$126.70
494,$132.54,75135100,$132.04,$134.07,$131.83
491,$131.46,109839500,$131.78,$133.56,$131.065
490,$133.48,151101000,$136.47,$137.07,$132.45
489,$133.58,107760100,$134.31,$135.02,$133.08
488,$134.39,66015800,$135.01,$135.41,$134.11
487,$134.72,66905070,$134.83,$135.06,$133.56
484,$134.32,78756780,$132.16,$135.12,$132.16
483,$131.94,84566460,$133.04,$134.15,$131.41
482,$133.50,68847140,$132.36,$133.75,$131.3001
481,$133.11,94812350,$135.02,$135.53,$131.81
480,$134.84,94264220,$133.51,$135.47,$133.34
477,$134.16,84922390,$134.30,$134.67,$133.28
476,$134.50,89347100,$133.82,$135.00,$133.64
475,$132.03,87222780,$134.94,$135.00,$131.655
474,$134.43,91266550,$132.44,$134.66,$131.93
473,$131.24,91419980,$132.52,$132.85,$130.63
470,$132.995,106686700,$129.80,$133.04,$129.47
469,$130.36,88844590,$128.95,$130.39,$128.52
468,$127.90,83466720,$125.83,$127.92,$125.14
467,$126.21,80171250,$126.50,$127.13,$125.65
466,$125.90,88651180,$123.87,$126.1601,$123.07
462,$123.00,75089130,$123.66,$124.18,$122.49
461,$122.15,118323800,$121.65,$123.52,$121.15
460,$119.90,85671920,$120.11,$120.4031,$118.86
459,$121.39,80819200,$121.65,$122.58,$120.7299
456,$121.21,94071230,$120.35,$121.48,$118.92
455,$120.59,98844680,$119.54,$121.66,$119.00
454,$120.09,88530490,$122.82,$122.90,$120.065
453,$122.54,95467140,$123.33,$124.24,$122.14
452,$123.39,111912300,$120.33,$123.87,$120.26
449,$119.99,185549500,$119.90,$121.43,$119.675
448,$120.53,121469800,$122.88,$123.18,$120.32
447,$124.76,111932600,$124.05,$125.8599,$122.336
446,$125.57,115227900,$125.70,$127.22,$124.715
445,$123.99,92590560,$121.41,$124.00,$120.42
442,$121.03,88105050,$120.40,$121.17,$119.16
441,$121.96,103026500,$122.54,$123.21,$121.26
440,$119.98,111943300,$121.69,$122.17,$119.45
439,$121.085,129525800,$119.03,$122.06,$118.79
438,$116.36,154376600,$120.93,$121.00,$116.21
435,$121.42,153766600,$120.98,$121.935,$117.57
434,$120.13,178155000,$121.75,$123.60,$118.62
433,$122.06,112966300,$124.81,$125.71,$121.84
432,$125.12,102260900,$128.41,$128.72,$125.01
431,$127.79,116307900,$123.75,$127.93,$122.79
428,$121.26,164560400,$122.59,$124.85,$121.20
427,$120.99,148199500,$124.68,$126.4585,$120.54
426,$125.35,111039900,$124.94,$125.56,$122.23
425,$125.86,158273000,$123.76,$126.71,$118.39
424,$126.00,103916400,$128.01,$129.72,$125.60
421,$129.87,87668830,$130.24,$130.71,$128.80
420,$129.71,96856750,$129.20,$129.995,$127.41
419,$130.84,98085250,$131.25,$132.22,$129.47
418,$133.19,80576320,$135.49,$136.01,$132.79
414,$135.37,60145130,$134.35,$135.53,$133.6921
413,$135.13,64280030,$135.90,$136.39,$133.77
412,$135.39,73046560,$136.48,$136.99,$134.40
411,$136.01,76774210,$136.62,$137.877,$135.85
410,$136.91,71297210,$136.03,$136.96,$134.92
407,$136.76,75693830,$137.35,$137.42,$135.86
406,$137.39,84183060,$136.30,$137.40,$134.59
405,$133.94,89880940,$135.76,$135.77,$133.61
404,$134.99,83305370,$135.73,$136.31,$134.61
403,$134.14,106239800,$133.75,$135.38,$130.93
400,$131.96,177523800,$135.83,$136.74,$130.21
399,$137.09,142621100,$139.52,$141.99,$136.70
398,$142.06,140843800,$143.43,$144.30,$140.41
397,$143.16,98390560,$143.60,$144.30,$141.37
396,$142.92,157611700,$143.07,$145.09,$136.54
393,$139.07,114459400,$136.28,$139.85,$135.02
392,$136.87,120529500,$133.80,$139.67,$133.59
391,$132.03,104319500,$128.66,$132.49,$128.55
390,$127.83,90757330,$127.78,$128.71,$126.938
386,$127.14,111598500,$128.78,$130.2242,$127.00
385,$128.91,90221760,$130.80,$131.00,$128.76
384,$130.89,88636830,$128.76,$131.45,$128.49
383,$128.80,91951150,$128.50,$129.69,$126.86
382,$128.98,100620900,$129.19,$130.17,$128.50
379,$132.05,105158200,$132.43,$132.63,$130.23
378,$130.92,109578200,$128.36,$131.63,$127.86
377,$126.60,155088000,$127.72,$131.0499,$126.382
376,$131.01,97664900,$128.89,$131.74,$128.43
375,$129.41,143301900,$133.52,$133.6116,$126.76
371,$132.69,99116590,$134.08,$134.74,$131.72
370,$133.72,96452120,$135.58,$135.99,$133.40
369,$134.87,121047300,$138.05,$138.789,$134.3409
368,$136.69,124486200,$133.99,$137.34,$133.51
364,$131.97,54930060,$131.32,$133.46,$131.10
363,$130.96,88223690,$132.16,$132.43,$130.78
362,$131.88,169351800,$131.61,$134.405,$129.65
361,$128.23,121251600,$125.02,$128.31,$123.449
358,$126.655,192541500,$128.96,$129.10,$126.12
357,$128.70,94359810,$128.90,$129.58,$128.045
356,$127.81,98208590,$127.41,$128.37,$126.56
355,$127.88,157572300,$124.34,$127.90,$124.13
354,$121.78,79075990,$122.60,$123.35,$121.54
351,$122.41,86939790,$122.43,$122.76,$120.55
350,$123.24,81312170,$120.50,$123.87,$120.15
349,$121.78,115089200,$124.53,$125.95,$121.00
348,$124.38,82225510,$124.37,$124.98,$123.09
347,$123.75,86711990,$122.31,$124.57,$122.25
344,$122.25,78260420,$122.60,$122.8608,$121.52
343,$122.94,78967630,$123.52,$123.78,$122.21
342,$123.08,89004200,$122.02,$123.37,$120.89
341,$122.72,128166800,$121.01,$123.4693,$120.01
340,$119.05,169410200,$116.97,$120.97,$116.81
337,$116.59,46691330,$116.57,$117.49,$116.22
335,$116.03,76499230,$115.55,$116.75,$115.17
334,$115.17,113874200,$113.91,$115.85,$112.59
333,$113.85,127959300,$117.18,$117.6202,$113.75
330,$117.34,73604290,$118.64,$118.77,$117.29
329,$118.64,74112970,$117.59,$119.06,$116.81
328,$118.03,76322110,$118.61,$119.82,$118.00
327,$119.39,74270970,$119.55,$120.6741,$118.96
326,$120.30,91183020,$118.92,$120.99,$118.146
323,$119.26,81688590,$119.44,$119.6717,$117.87
322,$119.21,103350700,$119.62,$120.53,$118.57
321,$119.49,112295000,$117.19,$119.63,$116.44
320,$115.97,138023400,$115.55,$117.59,$114.13
319,$116.32,154515300,$120.50,$121.99,$116.05
316,$118.69,114457900,$118.32,$119.20,$116.13
315,$119.03,126387100,$117.95,$119.62,$116.8686
314,$114.95,138235500,$114.14,$115.59,$112.35
313,$110.44,107624400,$109.66,$111.49,$108.73
312,$108.77,122866900,$109.11,$110.68,$107.32
309,$108.86,190573500,$111.06,$111.99,$107.72
308,$115.32,146129200,$112.37,$116.93,$112.20
307,$111.20,143937800,$115.05,$115.43,$111.10
306,$116.60,92276770,$115.49,$117.28,$114.5399
305,$115.05,111850700,$114.01,$116.55,$112.88
302,$115.04,82572650,$116.39,$116.55,$114.28
301,$115.75,101988000,$117.45,$118.04,$114.59
300,$116.87,89945980,$116.67,$118.705,$116.45
299,$117.51,124423700,$116.20,$118.98,$115.63
298,$115.98,120639300,$119.96,$120.419,$115.66
295,$119.02,115393800,$121.28,$121.548,$118.81
294,$120.71,112559200,$118.72,$121.20,$118.15
293,$121.19,151062300,$121.00,$123.03,$119.62
292,$121.10,262330500,$125.27,$125.39,$119.65
291,$124.40,240226800,$120.06,$125.18,$119.2845
288,$116.97,100506900,$115.28,$117.00,$114.92
287,$114.97,83477150,$116.25,$116.40,$114.5901
286,$115.08,96848990,$114.62,$115.55,$114.13
285,$113.16,161498200,$115.70,$116.12,$112.25
284,$116.50,106243800,$113.91,$116.65,$113.55
281,$113.02,144712000,$112.89,$115.37,$112.22
280,$116.79,116120400,$117.64,$117.72,$115.83
279,$115.81,142675200,$113.79,$117.26,$113.62
278,$114.09,100060500,$114.55,$115.31,$113.57
277,$114.96,137672400,$115.01,$115.32,$112.78
274,$112.28,149981400,$108.43,$112.44,$107.67
273,$108.22,167743300,$105.17,$110.25,$105.00
272,$107.12,150718700,$111.62,$112.11,$106.77
271,$111.81,183055400,$112.68,$112.86,$109.16
270,$110.08,195713800,$104.54,$110.19,$103.10
267,$106.84,287104900,$110.40,$110.88,$106.09
266,$110.34,178011000,$109.72,$112.20,$108.71
265,$112.13,155026700,$115.23,$116.00,$112.04
264,$115.54,184642000,$118.33,$118.829,$113.61
263,$115.355,140150100,$114.72,$115.93,$112.80
260,$112.00,180860300,$114.57,$115.23,$110.00
259,$113.49,182274400,$120.36,$120.50,$112.50
258,$117.32,176940500,$117.26,$119.14,$115.26
257,$112.82,231366600,$113.95,$118.99,$112.68
253,$120.96,332607200,$120.07,$123.70,$110.89
252,$120.88,257599600,$126.91,$128.84,$120.50
251,$131.40,200119000,$137.59,$137.98,$127.00
250,$134.18,152470100,$132.76,$134.80,$130.53
249,$129.04,225702700,$127.58,$131.00,$126.00
246,$124.8075,187629920,$126.0125,$126.4425,$124.5775
245,$125.01,155552400,$127.1425,$127.485,$123.8325
244,$126.5225,163022280,$126.1793,$126.9925,$125.0825
243,$124.825,211495800,$124.6975,$125.1793,$123.0525
242,$125.8575,345937760,$128.6975,$128.785,$123.9363
239,$124.37,338054640,$119.2625,$124.868,$119.25
238,$118.275,126907200,$115.75,$118.392,$115.7334
237,$115.7075,145538000,$115.9833,$117.1625,$115.61
236,$115.5625,105633560,$114.3525,$116.00,$114.0075
235,$114.6075,119561440,$116.0625,$116.0875,$113.9625
232,$114.9075,165565200,$114.8288,$115.00,$113.045
231,$115.01,210082080,$114.43,$116.0425,$113.9275
230,$113.01,165944840,$110.4975,$113.275,$110.2975
229,$109.375,187902360,$111.9688,$112.4825,$109.1067
228,$112.7275,212403440,$112.60,$113.775,$110.00
225,$111.1125,198045600,$113.205,$113.675,$110.2925
224,$113.9025,202428920,$110.405,$114.4125,$109.7975
223,$110.0625,121991960,$109.3775,$110.3925,$108.8975
222,$109.665,172792360,$109.1325,$110.79,$108.3875
221,$108.9375,308151400,$108.20,$111.6364,$107.8925
218,$106.26,374295480,$102.8838,$106.415,$100.825
217,$96.19,158130040,$94.1875,$96.2975,$93.7675
216,$95.04,90329240,$93.75,$95.23,$93.7125
215,$93.2525,103625520,$94.3675,$94.5497,$93.2475
214,$94.81,121214200,$93.71,$94.905,$93.48
211,$92.615,185438880,$90.9875,$92.97,$89.145
210,$92.845,197004440,$96.9985,$97.0775,$92.0097
209,$97.2725,89001640,$96.6925,$97.975,$96.6025
208,$97.00,103645840,$99.1725,$99.25,$96.7425
207,$98.3575,90317920,$96.4163,$98.50,$96.0625
204,$96.3275,92186920,$96.9875,$97.1475,$95.84
203,$96.5225,110577680,$96.5625,$97.405,$95.905
202,$97.725,153197920,$98.99,$99.2475,$96.49
201,$97.0575,170989360,$94.84,$97.255,$93.8775
200,$95.4775,191649160,$97.265,$99.955,$95.2575
197,$95.92,90257320,$95.335,$95.98,$94.7052
196,$95.6825,125642600,$96.2625,$96.3175,$94.6725
195,$95.3425,117091880,$94.18,$95.375,$94.09
194,$93.1725,112424440,$93.8525,$94.655,$93.0575
193,$93.4625,118655640,$92.50,$93.945,$92.4675
189,$91.0275,114041480,$91.9625,$92.6175,$90.91
188,$91.0275,110737240,$91.28,$91.84,$90.9775
187,$91.20,140223280,$90.02,$91.495,$90.00
186,$90.445,130646080,$88.3125,$90.5434,$87.82
183,$88.4075,205256840,$91.1025,$91.33,$88.255
182,$91.21,137522520,$90.175,$91.25,$89.3925
181,$90.015,192623400,$91.25,$92.1975,$89.63
180,$91.6325,212155480,$91.00,$93.095,$90.5675
179,$89.7175,135445280,$87.835,$89.865,$87.7875
176,$87.43,264475800,$88.6587,$89.14,$86.2875
175,$87.9325,96820400,$87.8525,$88.3625,$87.305
174,$87.8975,114406520,$88.7875,$88.85,$87.7725
173,$88.02,165428720,$87.865,$88.30,$86.18
172,$85.7475,138808920,$83.3125,$86.42,$83.145
169,$84.70,200146040,$86.18,$86.95,$83.5558
168,$83.975,201662440,$87.3275,$87.765,$83.87
167,$88.21,166651760,$86.975,$88.6925,$86.5225
166,$85.9975,147712360,$83.035,$86.4025,$83.0025
165,$83.365,95654520,$82.5625,$83.40,$81.83
162,$82.875,137250200,$80.8375,$82.9375,$80.8075
161,$80.58,87560360,$81.0975,$81.405,$80.195
160,$81.28,104491200,$81.165,$81.55,$80.575
159,$80.835,87642800,$80.1863,$80.86,$79.7325
158,$80.4625,81018600,$79.4375,$80.5875,$79.3025
155,$79.485,153598120,$79.8125,$80.2875,$79.1175
154,$79.5625,133796400,$79.1925,$80.86,$78.9075
153,$79.5275,112945080,$79.035,$79.6775,$78.2725
152,$79.1825,125521800,$80.875,$81.06,$79.125
148,$79.7225,81803000,$78.9425,$79.8075,$78.8375
147,$79.2125,102688840,$79.665,$80.2225,$78.9675
146,$79.8075,111504880,$79.17,$79.88,$79.05
145,$78.285,101729560,$78.7575,$79.63,$78.2525
144,$78.74,135372520,$78.2925,$79.125,$77.581
141,$76.9275,166348360,$75.0875,$76.975,$75.0525
140,$77.385,158929080,$76.1275,$77.4475,$75.3825
139,$76.9125,200622560,$78.0375,$78.9875,$75.8025
138,$77.8525,162301040,$79.4575,$79.922,$77.7275
137,$78.7525,145946240,$77.025,$79.2625,$76.81
134,$77.5325,134047960,$76.41,$77.5875,$76.0725
133,$75.935,115215040,$75.805,$76.2925,$75.4925
132,$75.1575,142333760,$75.115,$75.81,$74.7175
131,$74.39,147751200,$73.765,$75.25,$73.615
130,$73.29,133567960,$72.2925,$73.4225,$71.5793
127,$72.2675,240616720,$71.5625,$74.75,$71.4625
126,$73.45,183063880,$72.49,$73.6325,$72.0875
125,$71.9325,137280800,$71.1825,$72.4175,$70.9725
124,$69.645,112004760,$71.27,$71.4575,$69.55
123,$70.7925,117087560,$70.45,$71.135,$69.9875
120,$70.7425,126508720,$69.30,$70.7525,$69.25
119,$68.7575,124814320,$68.9675,$70.4375,$68.7175
118,$69.025,117057360,$68.4025,$69.475,$68.05
117,$67.0925,180991560,$69.07,$69.3125,$66.3575
116,$69.2325,130015000,$69.4875,$70.42,$69.2125
113,$70.70,215249920,$71.1725,$71.7362,$69.215
112,$71.6725,157125160,$71.845,$72.0494,$70.5875
111,$71.1075,131154560,$70.60,$71.5825,$70.1575
110,$71.7625,194994680,$70.00,$72.0625,$69.5125
109,$68.3125,131022920,$67.0775,$68.425,$66.4575
105,$66.9975,162116480,$67.175,$67.5175,$66.175
104,$66.5175,168895280,$65.685,$66.8425,$65.3075
103,$64.8575,202887320,$67.70,$67.925,$64.75
102,$65.6175,201820280,$62.725,$65.7775,$62.345
99,$60.3525,129880080,$60.70,$61.425,$59.7435
98,$61.2325,165933960,$60.085,$61.2875,$59.225
97,$60.2275,176218560,$61.625,$62.18,$59.7825
96,$63.5725,197002000,$63.90,$65.6225,$63.00
95,$63.7025,167976440,$62.685,$63.88,$62.35
92,$61.935,204216600,$63.1875,$63.9675,$61.7625
91,$64.61,252560680,$61.63,$64.67,$61.59
90,$61.38,303602040,$62.6875,$64.5625,$61.075
89,$61.72,287531080,$59.09,$61.9225,$58.575
88,$56.0925,336752840,$57.02,$57.1249,$53.1525
85,$57.31,401693200,$61.795,$62.9575,$57.00
84,$61.195,271857040,$61.8462,$63.21,$60.6525
83,$61.6675,300233640,$59.9425,$62.50,$59.28
82,$63.215,324055880,$61.8775,$64.4025,$59.60
81,$60.5525,322423480,$60.4875,$64.77,$60.00
78,$69.4925,370732120,$66.2225,$69.98,$63.2375
77,$62.0575,418474000,$63.985,$67.50,$62.00
76,$68.8575,256379880,$69.3475,$70.305,$67.965
75,$71.335,285290080,$69.285,$71.61,$67.3425
74,$66.5425,286744840,$65.9375,$69.5225,$65.75
71,$72.2575,226177000,$70.50,$72.705,$70.3075
70,$73.23,187572880,$73.88,$74.8875,$72.8525
69,$75.685,219178280,$74.11,$75.85,$73.2825
68,$72.33,319475400,$75.9175,$76.00,$71.45
67,$74.7025,341397360,$70.57,$75.36,$69.43
64,$68.34,426884800,$64.315,$69.6025,$64.0925
63,$68.38,320605520,$70.275,$71.50,$68.24
62,$73.1625,198713720,$71.6325,$74.47,$71.625
61,$72.02,230673440,$75.2375,$75.6325,$71.5325
60,$74.545,222195320,$74.315,$76.045,$72.3075
57,$78.2625,129705680,$79.655,$80.1125,$77.625
56,$80.075,100565960,$80.6575,$81.1625,$79.5525
55,$80.905,93983960,$80.00,$81.1425,$80.00
54,$79.75,152762200,$78.84,$79.9375,$78.6525
50,$81.2375,80113800,$81.185,$81.495,$80.7125
49,$81.2175,94747560,$81.0475,$81.555,$80.8375
48,$81.80,113730280,$80.3675,$81.805,$80.3675
47,$79.9025,94323120,$80.90,$80.975,$79.6775
46,$80.3875,109348880,$78.545,$80.3875,$78.4625
43,$80.0075,117684040,$80.5925,$80.85,$79.50
42,$81.3025,105425560,$80.6425,$81.305,$80.0662
41,$80.3625,118826880,$80.88,$81.19,$79.7375
40,$79.7125,136616520,$78.8275,$79.91,$78.4086
39,$77.165,173985600,$76.075,$78.3725,$75.555
36,$77.3775,199588400,$80.2325,$80.67,$77.0725
35,$80.9675,126743240,$80.136,$81.0225,$79.6875
34,$81.085,216599720,$81.1125,$81.9625,$80.345
33,$79.4225,162233960,$78.15,$79.60,$78.0475
32,$77.2375,161940040,$77.515,$77.9425,$76.22
29,$79.5775,146537520,$80.0625,$80.8325,$79.3797
28,$79.8075,104471960,$79.48,$79.89,$78.9125
27,$79.425,101832480,$79.645,$79.9975,$79.3275
26,$79.1425,110843240,$79.2975,$79.755,$79.00
22,$79.6825,137816480,$79.0675,$79.685,$78.75
21,$78.81,108829000,$78.3975,$78.925,$78.0225
20,$77.835,121923520,$77.9625,$78.875,$77.3875
19,$78.17,162613840,$79.175,$79.3925,$78.0425
18,$79.24,122086880,$77.91,$79.2675,$77.7875
15,$77.5825,140869080,$77.65,$78.1675,$77.0625
14,$77.4075,170486160,$76.8088,$77.6075,$76.55
13,$75.7975,132363800,$74.29,$76.11,$74.289
12,$74.5975,111510640,$74.96,$75.225,$74.37
11,$74.95,118578560,$73.4475,$74.99,$73.1875
8,$74.3575,146535520,$74.2875,$75.145,$74.125
7,$75.0875,135647440,$74.06,$75.15,$73.7975
5,$73.4125,100990520,$72.4825,$73.42,$72.38
4,$72.88,144238440,$72.365,$73.1725,$71.305
1,$72.45,146371760,$72.78,$73.4925,$72.03
0,$72.4775,93336000,$71.205,$72.495,$71.175
